FILENAME,IDENTITY
da.png,da
CONSEJOS.png,CONSEJOS
buen.png,buen
370.png,370
calidad.png,calidad
feccion.png,feccion
mayor..png,mayor.
34.png,34
dichoso.png,dichoso
"teles,.png","teles,"
"observase,.png","observase,"
"honra,.png","honra,"
586.png,586
225.png,225
841.png,841
desde.png,desde
"mundo,.png","mundo,"
418.png,418
Fiesta.png,Fiesta
564.png,564
85.png,85
alabareys..png,alabareys.
enfadados.png,enfadados
236.png,236
154.png,154
fundamen.png,fundamen
"deuda,.png","deuda,"
tienen.png,tienen
cio.png,cio
"entienden,.png","entienden,"
803.png,803
"descorteses,.png","descorteses,"
cabezas.png,cabezas
230.png,230
642.png,642
438.png,438
534.png,534
gloria..png,gloria.
843.png,843
seguir.png,seguir
451.png,451
569.png,569
viendole.png,viendole
cente.png,cente
30.png,30
147.png,147
"excelente,.png","excelente,"
consiste.png,consiste
272.png,272
131.png,131
efecto.png,efecto
"pues,.png","pues,"
Angeles.png,Angeles
845.png,845
247.png,247
su.png,su
seguidor.png,seguidor
735.png,735
tiernos.png,tiernos
87.png,87
grandezas.png,grandezas
quien.png,quien
127.png,127
soberania.png,soberania
350.png,350
Oficios.png,Oficios
posseen..png,posseen.
528.png,528
gra-.png,gra-
"Francisco,.png","Francisco,"
"das,.png","das,"
enton-.png,enton-
"cubran,.png","cubran,"
144.png,144
sujeto.png,sujeto
"Pontifice,.png","Pontifice,"
vuestra.png,vuestra
"ter,.png","ter,"
pinas.png,pinas
43.png,43
643.png,643
buenos.png,buenos
una.png,una
los.png,los
669.png,669
466.png,466
aprovecha-.png,aprovecha-
"visto,.png","visto,"
"mitas,.png","mitas,"
137.png,137
plead.png,plead
755.png,755
Doctos:.png,Doctos:
102.png,102
"Señor,.png","Señor,"
providencia.png,providencia
obtenerse.png,obtenerse
cuydar.png,cuydar
177.png,177
creyendo.png,creyendo
chos.png,chos
391.png,391
331.png,331
456.png,456
323.png,323
"Ilustres,.png","Ilustres,"
66.png,66
636.png,636
"podays,.png","podays,"
amparo.png,amparo
nima.png,nima
acopanava.png,acopanava
respetad.png,respetad
Oyd.png,Oyd
318.png,318
790.png,790
Propheta;.png,Propheta;
si-.png,si-
Vuestra.png,Vuestra
646.png,646
aunque.png,aunque
tampoco.png,tampoco
"afeminados,.png","afeminados,"
perar.png,perar
"Fortaleza,.png","Fortaleza,"
"mayor,.png","mayor,"
"rectamente,.png","rectamente,"
"Sacramento,.png","Sacramento,"
"menos,.png","menos,"
seria.png,seria
80.png,80
sufrir.png,sufrir
ble.png,ble
"noble,.png","noble,"
612.png,612
840.png,840
ponde-.png,ponde-
mentado.png,mentado
41.png,41
y.png,y
cando.png,cando
718.png,718
Esto.png,Esto
649.png,649
aya.png,aya
763.png,763
46.png,46
300.png,300
228.png,228
esti-.png,esti-
cumplir.png,cumplir
Señor.png,Señor
219.png,219
hecho.png,hecho
310.png,310
apostatar.png,apostatar
"oro,.png","oro,"
Angel.png,Angel
217.png,217
688.png,688
gente.png,gente
660.png,660
hablad.png,hablad
"encia,.png","encia,"
"tamente,.png","tamente,"
176.png,176
365.png,365
contentaos.png,contentaos
785.png,785
"Dios,.png","Dios,"
quanto.png,quanto
raleza.png,raleza
821.png,821
elegir.png,elegir
182.png,182
recogido.png,recogido
"Socrates,.png","Socrates,"
EN.png,EN
tial.png,tial
"zer,.png","zer,"
des.png,des
396.png,396
"inchado,.png","inchado,"
513.png,513
devotos.png,devotos
121.png,121
bligados.png,bligados
15.png,15
"mano,.png","mano,"
ahora.png,ahora
dar.png,dar
dificil.png,dificil
233.png,233
dellas.png,dellas
676.png,676
67.png,67
353.png,353
soys.png,soys
483.png,483
94.png,94
rehuseys.png,rehuseys
fiestas.png,fiestas
Seneca.png,Seneca
Philosophos.png,Philosophos
realce.png,realce
Agus-.png,Agus-
181.png,181
736.png,736
"nio,.png","nio,"
rase.png,rase
162.png,162
Sol..png,Sol.
pues.png,pues
95.png,95
poner.png,poner
"ello,.png","ello,"
trato.png,trato
287.png,287
"desseo,.png","desseo,"
463.png,463
haze.png,haze
siem-.png,siem-
per-.png,per-
"ella,.png","ella,"
toda.png,toda
625.png,625
780.png,780
compostura.png,compostura
ni.png,ni
fin.png,fin
des-.png,des-
patroci-.png,patroci-
123.png,123
dos.png,dos
"condiciones,.png","condiciones,"
343.png,343
443.png,443
"ultimamente,.png","ultimamente,"
educacion.png,educacion
piedad.png,piedad
519.png,519
284.png,284
"piedras,.png","piedras,"
"preciar,.png","preciar,"
continuo.png,continuo
un.png,un
Primogénito..png,Primogénito.
escrito:.png,escrito:
Tampoco.png,Tampoco
461.png,461
procuran).png,procuran)
divinos.png,divinos
mayores.png,mayores
unos.png,unos
tomad.png,tomad
413.png,413
500.png,500
ser.png,ser
190.png,190
"hallan,.png","hallan,"
638.png,638
"Bullon,.png","Bullon,"
467.png,467
no.png,no
76.png,76
vene-.png,vene-
apli-.png,apli-
fermedad.png,fermedad
850.png,850
541.png,541
322.png,322
346.png,346
limos-.png,limos-
617.png,617
753.png,753
314.png,314
tin:.png,tin:
90.png,90
277.png,277
truxeron.png,truxeron
21.png,21
"vuestra,.png","vuestra,"
837.png,837
224.png,224
Ale-.png,Ale-
125.png,125
noble.png,noble
278.png,278
18.png,18
Magestad.png,Magestad
136.png,136
772.png,772
695.png,695
302.png,302
"cencia,.png","cencia,"
630.png,630
Viatico.png,Viatico
do.png,do
Digo.png,Digo
nuestra.png,nuestra
797.png,797
gacion.png,gacion
526.png,526
454.png,454
agradecido.png,agradecido
A.png,A
si.png,si
rara.png,rara
"Christiana,.png","Christiana,"
425.png,425
conveniente.png,conveniente
so:.png,so:
Nobleza).png,Nobleza)
jugar.png,jugar
482.png,482
717.png,717
7.png,7
privilegio.png,privilegio
765.png,765
blen.png,blen
363.png,363
(como.png,(como
710.png,710
sentimiento.png,sentimiento
411.png,411
hijos.png,hijos
"ron,.png","ron,"
663.png,663
Ci-.png,Ci-
Misterio..png,Misterio.
"busca,.png","busca,"
al.png,al
169.png,169
172.png,172
useys.png,useys
huyr.png,huyr
(grave.png,(grave
herencia.png,herencia
tendreys.png,tendreys
313.png,313
257.png,257
583.png,583
primera.png,primera
mejor.png,mejor
aquí.png,aquí
201.png,201
faltan.png,faltan
838.png,838
gas-.png,gas-
"sumen,.png","sumen,"
"les,.png","les,"
mostrarles.png,mostrarles
le.png,le
620.png,620
(peste.png,(peste
aviendose.png,aviendose
darme.png,darme
618.png,618
"Artifices,.png","Artifices,"
hazen.png,hazen
servid.png,servid
637.png,637
"puertas,.png","puertas,"
quieren.png,quieren
"so,.png","so,"
Madre).png,Madre)
132.png,132
costumbres..png,costumbres.
715.png,715
zidas.png,zidas
47.png,47
Preciaos.png,Preciaos
obligados.png,obligados
vuestro.png,vuestro
diencia.png,diencia
248.png,248
"rodilla,.png","rodilla,"
848.png,848
co.png,co
todas.png,todas
por.png,por
na.png,na
alguna.png,alguna
Señores.png,Señores
704.png,704
549.png,549
105.png,105
atencion.png,atencion
tempora-.png,tempora-
714.png,714
(que.png,(que
701.png,701
documen.png,documen
celebrareys.png,celebrareys
165.png,165
"fortaleza,.png","fortaleza,"
reconocer.png,reconocer
234.png,234
"pion,.png","pion,"
Potentados.png,Potentados
"Ciceron,.png","Ciceron,"
548.png,548
verdad.png,verdad
bondad.png,bondad
jamas.png,jamas
595.png,595
salir).png,salir)
instante.png,instante
tan.png,tan
amenaza.png,amenaza
jun-.png,jun-
"engrandecen,.png","engrandecen,"
590.png,590
honra.png,honra
co-.png,co-
407.png,407
ella.png,ella
24.png,24
140.png,140
preceptos.png,preceptos
Divino.png,Divino
Gofredo.png,Gofredo
658.png,658
venciendose.png,venciendose
asiento.png,asiento
"bertad,.png","bertad,"
"demas,.png","demas,"
703.png,703
principal.png,principal
trado.png,trado
"eterna,.png","eterna,"
114.png,114
discursos.png,discursos
civil).png,civil)
77.png,77
777.png,777
Estephano.png,Estephano
784.png,784
329.png,329
"sienten,.png","sienten,"
400.png,400
bien.png,bien
156.png,156
suya.png,suya
vayan..png,vayan.
830.png,830
David.png,David
226.png,226
hallaredes.png,hallaredes
815.png,815
saldreys.png,saldreys
433.png,433
"claridad,.png","claridad,"
520.png,520
609.png,609
509.png,509
371.png,371
quan-.png,quan-
tales.png,tales
"dellos,.png","dellos,"
68.png,68
485.png,485
hazienda.png,hazienda
hallo.png,hallo
beralidad.png,beralidad
pidieren).png,pidieren)
305.png,305
cadaver.png,cadaver
26.png,26
52.png,52
largos.png,largos
770.png,770
212.png,212
633.png,633
"Familias,.png","Familias,"
251.png,251
670.png,670
243.png,243
"dole,.png","dole,"
"predeterminacion,.png","predeterminacion,"
"Carbunco,.png","Carbunco,"
principio.png,principio
carga.png,carga
quantos.png,quantos
conclu-.png,conclu-
"descubierto,.png","descubierto,"
mortales.png,mortales
194.png,194
525.png,525
grandeza..png,grandeza.
"Noble,.png","Noble,"
ocul.png,ocul
91.png,91
698.png,698
Her-.png,Her-
mildad.png,mildad
parecido.png,parecido
708.png,708
"lugares,.png","lugares,"
agra-.png,agra-
engañado.png,engañado
575.png,575
caso.png,caso
93.png,93
"grande,.png","grande,"
dicha.png,dicha
"tuoso,.png","tuoso,"
hora.png,hora
334.png,334
"Theodosio,.png","Theodosio,"
devidas.png,devidas
675.png,675
184.png,184
sallos.png,sallos
os.png,os
preside..png,preside.
daros.png,daros
240.png,240
Em-.png,Em-
Hablad.png,Hablad
Aqui.png,Aqui
sin.png,sin
introdu-.png,introdu-
"Bautismo,.png","Bautismo,"
gracia.png,gracia
meses.png,meses
tener.png,tener
"immortal,.png","immortal,"
31.png,31
"estrecha,.png","estrecha,"
149.png,149
pro-.png,pro-
proveydas.png,proveydas
"cion,.png","cion,"
Pacien.png,Pacien
606.png,606
629.png,629
38.png,38
ello.png,ello
nacido.png,nacido
"Liberalidad,.png","Liberalidad,"
743.png,743
fa-.png,fa-
llegareys.png,llegareys
titulo.png,titulo
"Caton,.png","Caton,"
589.png,589
to-.png,to-
"nobleza,.png","nobleza,"
20.png,20
79.png,79
249.png,249
298.png,298
buena.png,buena
Santo.png,Santo
orfandad.png,orfandad
espiritu.png,espiritu
dexeys.png,dexeys
746.png,746
doce.png,doce
207.png,207
120.png,120
lor.png,lor
principalmente.png,principalmente
475.png,475
llegando.png,llegando
actos.png,actos
"años,.png","años,"
566.png,566
"Iglesia,.png","Iglesia,"
Italia.png,Italia
tivar.png,tivar
705.png,705
232.png,232
ron.png,ron
"guia,.png","guia,"
434.png,434
"sas,.png","sas,"
145.png,145
quita.png,quita
hu-.png,hu-
627.png,627
dexaros.png,dexaros
495.png,495
603.png,603
cosa.png,cosa
Iglesia.png,Iglesia
358.png,358
desve-.png,desve-
122.png,122
estado.png,estado
enseñan.png,enseñan
417.png,417
respecto.png,respecto
70.png,70
798.png,798
rad.png,rad
hermanos:.png,hermanos:
809.png,809
696.png,696
donde.png,donde
PUES.png,PUES
propios.png,propios
403.png,403
desseo.png,desseo
"Basilio,.png","Basilio,"
Espero.png,Espero
"assi,.png","assi,"
477.png,477
"dres,.png","dres,"
prendas.png,prendas
639.png,639
to.png,to
533.png,533
pre.png,pre
686.png,686
encamina-.png,encamina-
fluos.png,fluos
juzgando.png,juzgando
li-.png,li-
"virtudes,.png","virtudes,"
647.png,647
457.png,457
269.png,269
"reglas,.png","reglas,"
550.png,550
Magestad..png,Magestad.
nacimos.png,nacimos
"fineza,.png","fineza,"
tambien.png,tambien
157.png,157
"Ambrosio,.png","Ambrosio,"
624.png,624
"recatada,.png","recatada,"
"fundadores,.png","fundadores,"
gana.png,gana
merecer.png,merecer
328.png,328
631.png,631
otro.png,otro
servido.png,servido
sabiduria.png,sabiduria
después.png,después
usad.png,usad
185.png,185
llevar.png,llevar
te.png,te
obli-.png,obli-
llorado.png,llorado
venia.png,venia
265.png,265
295.png,295
grande.png,grande
nuestro.png,nuestro
ex.png,ex
"Bernardo,.png","Bernardo,"
llos).png,llos)
14.png,14
serlo.png,serlo
766.png,766
quedando.png,quedando
389.png,389
encontran-.png,encontran-
"propio,.png","propio,"
"nas,.png","nas,"
303.png,303
596.png,596
327.png,327
lumi-.png,lumi-
522.png,522
puede.png,puede
poblada.png,poblada
3.png,3
"subditos,.png","subditos,"
369.png,369
todos.png,todos
parte;.png,parte;
aborre.png,aborre
160.png,160
"ressado,.png","ressado,"
"ociosidad,.png","ociosidad,"
nos.png,nos
vinculada.png,vinculada
"dignidad,.png","dignidad,"
talentos.png,talentos
Y.png,Y
premo.png,premo
656.png,656
352.png,352
577.png,577
74.png,74
su-.png,su-
135.png,135
35.png,35
84.png,84
nía.png,nía
402.png,402
800.png,800
ellos.png,ellos
535.png,535
sino.png,sino
58.png,58
600.png,600
descuento.png,descuento
22.png,22
"Trajano,.png","Trajano,"
188.png,188
760.png,760
"manifiesta,.png","manifiesta,"
616.png,616
"trabajo,.png","trabajo,"
551.png,551
386.png,386
"Iorgias,.png","Iorgias,"
"reverenciad,.png","reverenciad,"
725.png,725
suyos..png,suyos.
perfumar.png,perfumar
312.png,312
asi.png,asi
628.png,628
Para.png,Para
204.png,204
ocasiones.png,ocasiones
283.png,283
824.png,824
814.png,814
largamente.png,largamente
"tengo,.png","tengo,"
367.png,367
rentas.png,rentas
medio.png,medio
estad.png,estad
496.png,496
"respeto,.png","respeto,"
335.png,335
vicios.png,vicios
545.png,545
54.png,54
712.png,712
SIENDO.png,SIENDO
"oi,.png","oi,"
33.png,33
731.png,731
"regozijo,.png","regozijo,"
429.png,429
dadles.png,dadles
"Castilla,.png","Castilla,"
es.png,es
101.png,101
cor-.png,cor-
59.png,59
este.png,este
597.png,597
53.png,53
falsa.png,falsa
"suyo,.png","suyo,"
285.png,285
nidad.png,nidad
cumplimiento.png,cumplimiento
518.png,518
hallar.png,hallar
98.png,98
mundo.png,mundo
186.png,186
729.png,729
214.png,214
assi.png,assi
aprobadas.png,aprobadas
44.png,44
q.png,q
"vosotros,.png","vosotros,"
164.png,164
e.png,e
672.png,672
834.png,834
España.png,España
92.png,92
sola).png,sola)
501.png,501
grandes.png,grandes
741.png,741
Esta.png,Esta
"dio,.png","dio,"
huvieredes.png,huvieredes
40.png,40
professando.png,professando
educación.png,educación
326.png,326
839.png,839
pintaros.png,pintaros
280.png,280
811.png,811
segun.png,segun
297.png,297
exemplo.png,exemplo
illus-.png,illus-
"graciosos,.png","graciosos,"
129.png,129
humanas.png,humanas
315.png,315
desseando.png,desseando
"narias,.png","narias,"
vagueadores.png,vagueadores
"Clerigos,.png","Clerigos,"
"recto,.png","recto,"
458.png,458
505.png,505
lastimar;.png,lastimar;
"Santos,.png","Santos,"
"cualquiera,.png","cualquiera,"
99.png,99
"consejos,.png","consejos,"
410.png,410
721.png,721
"Sermones,.png","Sermones,"
divina.png,divina
119.png,119
401.png,401
ojos.png,ojos
mismo:.png,mismo:
126.png,126
332.png,332
renazcays.png,renazcays
611.png,611
497.png,497
dieron.png,dieron
aviendo.png,aviendo
"repartirla,.png","repartirla,"
817.png,817
pajes.png,pajes
tres.png,tres
"dados,.png","dados,"
261.png,261
cubrir.png,cubrir
"negocios,.png","negocios,"
208.png,208
sola.png,sola
"necesaria,.png","necesaria,"
"Soldados,.png","Soldados,"
divino.png,divino
16.png,16
299.png,299
27.png,27
señores.png,señores
camino.png,camino
"limpiarle,.png","limpiarle,"
737.png,737
"interes,.png","interes,"
hazed.png,hazed
"Religiones,.png","Religiones,"
sintiendo.png,sintiendo
428.png,428
810.png,810
das.png,das
424.png,424
506.png,506
Conventos.png,Conventos
"él,.png","él,"
parezca.png,parezca
Condesa.png,Condesa
hazer.png,hazer
sera.png,sera
(q.png,(q
440.png,440
267.png,267
vassallos.png,vassallos
mad.png,mad
muestras.png,muestras
792.png,792
fuerza.png,fuerza
2.png,2
561.png,561
793.png,793
372.png,372
345.png,345
406.png,406
favor.png,favor
Afabilidad.png,Afabilidad
afectos;.png,afectos;
saber.png,saber
bxeza.png,bxeza
578.png,578
acometer.png,acometer
obligados;.png,obligados;
menosprecio.png,menosprecio
reposteros.png,reposteros
661.png,661
giones:.png,giones:
luz.png,luz
339.png,339
493.png,493
faltandoles.png,faltandoles
Sumo.png,Sumo
prometo.png,prometo
algun.png,algun
David..png,David.
gaciones.png,gaciones
virtud..png,virtud.
557.png,557
Livio.png,Livio
82.png,82
32.png,32
689.png,689
gala.png,gala
"cays,.png","cays,"
420.png,420
qu.png,qu
"casa,.png","casa,"
231.png,231
"comunicación,.png","comunicación,"
fues.png,fues
296.png,296
1.png,1
conocio.png,conocio
309.png,309
agradecimiento.png,agradecimiento
116.png,116
rendida.png,rendida
tanta.png,tanta
"sectarios,.png","sectarios,"
153.png,153
"acavallo,.png","acavallo,"
579.png,579
tutela;.png,tutela;
"mugeres,.png","mugeres,"
forzosa.png,forzosa
algunos.png,algunos
(al.png,(al
gobierno.png,gobierno
"Acuña,.png","Acuña,"
"Altar,.png","Altar,"
223.png,223
tu.png,tu
Consejos.png,Consejos
di.png,di
826.png,826
mateys.png,mateys
Ro.png,Ro
Iuliaco..png,Iuliaco.
par.png,par
constancia.png,constancia
suerte.png,suerte
profession.png,profession
Maestro.png,Maestro
"Prelados,.png","Prelados,"
mandando.png,mandando
422.png,422
tuviera.png,tuviera
"pido,.png","pido,"
va-.png,va-
leve.png,leve
89.png,89
puntual.png,puntual
equidad.png,equidad
9.png,9
(remitiendo.png,(remitiendo
preguntado..png,preguntado.
oydo.png,oydo
"estava,.png","estava,"
822.png,822
mano.png,mano
"Guarda,.png","Guarda,"
Santos:.png,Santos:
Con.png,Con
gándole.png,gándole
756.png,756
aquellas.png,aquellas
ocu-.png,ocu-
"exteriores,.png","exteriores,"
forzosos.png,forzosos
exercitar.png,exercitar
221.png,221
444.png,444
"tos,.png","tos,"
"Sexto,.png","Sexto,"
692.png,692
"si,.png","si,"
factibles.png,factibles
178.png,178
773.png,773
580.png,580
775.png,775
Parece.png,Parece
como.png,como
espiri-.png,espiri-
seays.png,seays
"falta,.png","falta,"
huma-.png,huma-
tiempos.png,tiempos
555.png,555
Aristoteles.png,Aristoteles
193.png,193
532.png,532
natu.png,natu
447.png,447
Vir-.png,Vir-
455.png,455
muerte.png,muerte
ello..png,ello.
obligaros.png,obligaros
758.png,758
"alhombras,.png","alhombras,"
673.png,673
uno.png,uno
subditos.png,subditos
procurad.png,procurad
manos.png,manos
581.png,581
469.png,469
rin-.png,rin-
todo.png,todo
posible).png,posible)
742.png,742
539.png,539
Si.png,Si
768.png,768
tamente..png,tamente.
724.png,724
"preciad,.png","preciad,"
4.png,4
"cama,.png","cama,"
dola.png,dola
713.png,713
723.png,723
"enfermos,.png","enfermos,"
"cierto,.png","cierto,"
el.png,el
cubrir;.png,cubrir;
entre.png,entre
19.png,19
664.png,664
Obispos.png,Obispos
ganaron.png,ganaron
607.png,607
81.png,81
dellos..png,dellos.
beneficios.png,beneficios
que.png,que
71.png,71
valen.png,valen
"diferencias,.png","diferencias,"
particular).png,particular)
tos.png,tos
853.png,853
852.png,852
498.png,498
690.png,690
"engañar,.png","engañar,"
851.png,851
286.png,286
fundandole.png,fundandole
0.png,0
vicios:.png,vicios:
150.png,150
"armas,.png","armas,"
antemano.png,antemano
lumnas.png,lumnas
733.png,733
"las,.png","las,"
gusto.png,gusto
candalo.png,candalo
virtuo-.png,virtuo-
779.png,779
enamorados<.png,enamorados<
"Principes,.png","Principes,"
ocultó.png,ocultó
446.png,446
dan.png,dan
588.png,588
316.png,316
nobles.png,nobles
"primero,.png","primero,"
795.png,795
847.png,847
Don.png,Don
contenteys.png,contenteys
conocen.png,conocen
podia.png,podia
202.png,202
"huesped,.png","huesped,"
75.png,75
dixo.png,dixo
Rey.png,Rey
442.png,442
"combites,.png","combites,"
del.png,del
681.png,681
276.png,276
266.png,266
ganareys.png,ganareys
582.png,582
515.png,515
cumplieredes.png,cumplieredes
97.png,97
644.png,644
594.png,594
tantas.png,tantas
devria.png,devria
849.png,849
habito.png,habito
imitad.png,imitad
bre.png,bre
373.png,373
289.png,289
conocida.png,conocida
templanza.png,templanza
valor.png,valor
151.png,151
"estados,.png","estados,"
venerad.png,venerad
sustenteys.png,sustenteys
obliga.png,obliga
293.png,293
igual.png,igual
preciar.png,preciar
siempre.png,siempre
han.png,han
vuestras.png,vuestras
527.png,527
pretendiendo.png,pretendiendo
misma.png,misma
356.png,356
piensan.png,piensan
376.png,376
"Fiesta,.png","Fiesta,"
"consolaciones,.png","consolaciones,"
"locos,.png","locos,"
mas.png,mas
462.png,462
"esteys,.png","esteys,"
351.png,351
671.png,671
Semana.png,Semana
exemplar.png,exemplar
curioso.png,curioso
"sobrenatural,.png","sobrenatural,"
"depravadas,.png","depravadas,"
110.png,110
"estado,.png","estado,"
casi.png,casi
aquellos.png,aquellos
687.png,687
comunion.png,comunion
752.png,752
Virgen.png,Virgen
primero.png,primero
381.png,381
"temporal,.png","temporal,"
de-.png,de-
572.png,572
238.png,238
6.png,6
"rendimiento,.png","rendimiento,"
726.png,726
dia.png,dia
ofrecerseos.png,ofrecerseos
tomando.png,tomando
diera.png,diera
comuni-.png,comuni-
338.png,338
379.png,379
mani.png,mani
LOS.png,LOS
esta.png,esta
108.png,108
desuelo.png,desuelo
puntos.png,puntos
73.png,73
"son,.png","son,"
490.png,490
"regalos,.png","regalos,"
saqueys.png,saqueys
Sigui-.png,Sigui-
hurtando.png,hurtando
lastimosas.png,lastimosas
puesto.png,puesto
Tiles.png,Tiles
189.png,189
623.png,623
574.png,574
Poetas.png,Poetas
dexó.png,dexó
128.png,128
48.png,48
a.png,a
presentarle.png,presentarle
"prosperidades,.png","prosperidades,"
359.png,359
assistiendolos.png,assistiendolos
principalmete.png,principalmete
387.png,387
concededles.png,concededles
dexandose.png,dexandose
gays.png,gays
592.png,592
"todos,.png","todos,"
atribuyen.png,atribuyen
vuestros.png,vuestros
"colgar,.png","colgar,"
ordinario.png,ordinario
"tiempos,.png","tiempos,"
ningun.png,ningun
294.png,294
832.png,832
casos.png,casos
"truhanes,.png","truhanes,"
lo.png,lo
252.png,252
ma:.png,ma:
"limpio,.png","limpio,"
28.png,28
dominio.png,dominio
210.png,210
exercicio.png,exercicio
196.png,196
avia.png,avia
Fernan-.png,Fernan-
"Persia,.png","Persia,"
incentivo.png,incentivo
"Nobles,.png","Nobles,"
"Señora,.png","Señora,"
crian.png,crian
"ta,.png","ta,"
828.png,828
"amor,.png","amor,"
la.png,la
horror.png,horror
112.png,112
"partes,.png","partes,"
consintays.png,consintays
12.png,12
vemos.png,vemos
"corazon,.png","corazon,"
"escribe,.png","escribe,"
480.png,480
tros.png,tros
Señora.png,Señora
muchos.png,muchos
Iglesia..png,Iglesia.
563.png,563
237.png,237
"veneracion,.png","veneracion,"
553.png,553
diendose.png,diendose
Escritura.png,Escritura
"obras,.png","obras,"
"individuaros,.png","individuaros,"
mostruosas.png,mostruosas
generales.png,generales
pobres.png,pobres
bus-.png,bus-
publico.png,publico
"ira,.png","ira,"
della.png,della
37.png,37
290.png,290
"prudencias,.png","prudencias,"
615.png,615
720.png,720
parte.png,parte
menes-.png,menes-
blo.png,blo
"persona,.png","persona,"
567.png,567
macion.png,macion
colgarle.png,colgarle
justicia.png,justicia
falta.png,falta
319.png,319
recibidos.png,recibidos
entriste-.png,entriste-
pidieren.png,pidieren
"distraerlos,.png","distraerlos,"
"conciencia,.png","conciencia,"
"Numa,.png","Numa,"
ar-.png,ar-
aposento.png,aposento
796.png,796
"tempos,.png","tempos,"
possible.png,possible
398.png,398
"vos,.png","vos,"
"possible,.png","possible,"
"Anibal,.png","Anibal,"
"Señores,.png","Señores,"
glorioso.png,glorioso
598.png,598
gran.png,gran
(no.png,(no
cortesia.png,cortesia
380.png,380
842.png,842
tendra.png,tendra
571.png,571
virtuosos.png,virtuosos
"animo,.png","animo,"
"guerra,.png","guerra,"
ten.png,ten
condiciones.png,condiciones
En.png,En
622.png,622
"cumplieredes,.png","cumplieredes,"
683.png,683
beneficio.png,beneficio
320.png,320
conservase.png,conservase
49.png,49
oyendolos.png,oyendolos
ador-.png,ador-
139.png,139
262.png,262
imposible).png,imposible)
ma.png,ma
hombre.png,hombre
naciones.png,naciones
655.png,655
dize.png,dize
"turales,.png","turales,"
665.png,665
tes.png,tes
547.png,547
Leon.png,Leon
245.png,245
queda.png,queda
764.png,764
lla.png,lla
774.png,774
zelo.png,zelo
mi.png,mi
291.png,291
394.png,394
assistio.png,assistio
.png.png,.png
805.png,805
486.png,486
hizo.png,hizo
"vida,.png","vida,"
exerci-.png,exerci-
Iglesias.png,Iglesias
"lares,.png","lares,"
751.png,751
promete.png,promete
51.png,51
158.png,158
menos).png,menos)
64.png,64
781.png,781
321.png,321
"aprovechar,.png","aprovechar,"
Sacerdote.png,Sacerdote
508.png,508
242.png,242
431.png,431
"Religiosos,.png","Religiosos,"
otras.png,otras
capaz.png,capaz
delan-.png,delan-
"dolores,.png","dolores,"
762.png,762
818.png,818
mucho.png,mucho
añadire.png,añadire
pio.png,pio
vendiciendo.png,vendiciendo
faltar.png,faltar
349.png,349
275.png,275
415.png,415
"muerte,.png","muerte,"
tratarlos.png,tratarlos
693.png,693
tre.png,tre
"amigos,.png","amigos,"
animo.png,animo
Considerad.png,Considerad
cortesias.png,cortesias
solo.png,solo
653.png,653
pagan.png,pagan
88.png,88
cuya.png,cuya
173.png,173
556.png,556
Sacramento:.png,Sacramento:
"Platon,.png","Platon,"
111.png,111
Mas.png,Mas
50.png,50
asistid.png,asistid
ces.png,ces
192.png,192
"verdades,.png","verdades,"
"parte,.png","parte,"
qualquiera.png,qualquiera
paga.png,paga
selas.png,selas
306.png,306
552.png,552
gunos.png,gunos
142.png,142
198.png,198
quadraredes.png,quadraredes
rico.png,rico
494.png,494
197.png,197
124.png,124
según.png,según
"desestimandose,.png","desestimandose,"
613.png,613
conozcays.png,conozcays
130.png,130
"Nobleza,.png","Nobleza,"
340.png,340
juzgado).png,juzgado)
brindis.png,brindis
"Madre,.png","Madre,"
cosas.png,cosas
213.png,213
468.png,468
vos.png,vos
"mismos,.png","mismos,"
permitiendo.png,permitiendo
varias.png,varias
436.png,436
558.png,558
exemplo).png,exemplo)
princi.png,princi
614.png,614
consistiendo.png,consistiendo
470.png,470
587.png,587
605.png,605
qualidad.png,qualidad
180.png,180
pu-.png,pu-
nas..png,nas.
138.png,138
nietos.png,nietos
155.png,155
"virtud,.png","virtud,"
"todo,.png","todo,"
Real).png,Real)
626.png,626
"Quinto,.png","Quinto,"
"sente,.png","sente,"
"dos,.png","dos,"
771.png,771
"sombrero,.png","sombrero,"
427.png,427
"venereys,.png","venereys,"
484.png,484
excede.png,excede
408.png,408
mable.png,mable
grangear.png,grangear
provecho.png,provecho
crio.png,crio
"este,.png","este,"
641.png,641
alo-.png,alo-
raron.png,raron
Virtudes.png,Virtudes
fuesse.png,fuesse
hazerse.png,hazerse
264.png,264
dellos.png,dellos
524.png,524
393.png,393
Misterio.png,Misterio
digno..png,digno.
averos.png,averos
517.png,517
queden.png,queden
268.png,268
739.png,739
entrar.png,entrar
118.png,118
414.png,414
pre-.png,pre-
23.png,23
368.png,368
"Eclesiastico,.png","Eclesiastico,"
(con.png,(con
presas.png,presas
(saliendo.png,(saliendo
645.png,645
nunca.png,nunca
feliz.png,feliz
admitiendo.png,admitiendo
nace.png,nace
274.png,274
dexo.png,dexo
año.png,año
yo.png,yo
Casa.png,Casa
hom-.png,hom-
"mo,.png","mo,"
523.png,523
tega.png,tega
artilleria.png,artilleria
292.png,292
Socra-.png,Socra-
200.png,200
789.png,789
273.png,273
Religioso.png,Religioso
175.png,175
377.png,377
680.png,680
253.png,253
"festasse,.png","festasse,"
estos.png,estos
677.png,677
"creed,.png","creed,"
sintieron.png,sintieron
bienes.png,bienes
78.png,78
obligacion.png,obligacion
"tal,.png","tal,"
alegría.png,alegría
510.png,510
elos.png,elos
añaden.png,añaden
llega.png,llega
348.png,348
390.png,390
802.png,802
debe.png,debe
"Religioso,.png","Religioso,"
sepa.png,sepa
Arte.png,Arte
511.png,511
calamidades.png,calamidades
419.png,419
"Luys,.png","Luys,"
"Christiano,.png","Christiano,"
"vasallos,.png","vasallos,"
sirve.png,sirve
355.png,355
183.png,183
dres.png,dres
"maliciosos,.png","maliciosos,"
678.png,678
308.png,308
"Agustin,.png","Agustin,"
conformidad.png,conformidad
542.png,542
333.png,333
conocido.png,conocido
materia.png,materia
DEDICATORIA.png,DEDICATORIA
patente.png,patente
mismas.png,mismas
439.png,439
378.png,378
Doctores.png,Doctores
Morales.png,Morales
5.png,5
he.png,he
imitando.png,imitando
854.png,854
reser-.png,reser-
342.png,342
10.png,10
728.png,728
nadie.png,nadie
748.png,748
560.png,560
593.png,593
347.png,347
769.png,769
cion.png,cion
25.png,25
escribe.png,escribe
llamado.png,llamado
654.png,654
(y.png,(y
porque.png,porque
Alonso.png,Alonso
chia.png,chia
devo-.png,devo-
usan.png,usan
652.png,652
usar.png,usar
134.png,134
702.png,702
171.png,171
justamete.png,justamete
254.png,254
63.png,63
259.png,259
mercedes.png,mercedes
304.png,304
concedera.png,concedera
"propia,.png","propia,"
ornato.png,ornato
432.png,432
:.png,:
esse.png,esse
"Castillo,.png","Castillo,"
Dios.png,Dios
más.png,más
ellas.png,ellas
tratar.png,tratar
deveys.png,deveys
De.png,De
113.png,113
"autoridad,.png","autoridad,"
657.png,657
rica.png,rica
alli.png,alli
166.png,166
730.png,730
pueden.png,pueden
635.png,635
vas-.png,vas-
568.png,568
ayudareys.png,ayudareys
"dia,.png","dia,"
"no,.png","no,"
650.png,650
"Gentiles,.png","Gentiles,"
576.png,576
"galas,.png","galas,"
acciones.png,acciones
nacen.png,nacen
Santa.png,Santa
quitarles.png,quitarles
823.png,823
"esto,.png","esto,"
lugares.png,lugares
"quisieren,.png","quisieren,"
Ingles.png,Ingles
en.png,en
menos.png,menos
395.png,395
"labios,.png","labios,"
deveys..png,deveys.
dad.png,dad
487.png,487
634.png,634
45.png,45
vive.png,vive
al-.png,al-
168.png,168
corrieren.png,corrieren
Iusticia.png,Iusticia
de.png,de
Sacra-.png,Sacra-
care.png,care
385.png,385
obligado.png,obligado
"Cavalleros,.png","Cavalleros,"
del..png,del.
465.png,465
besar.png,besar
471.png,471
538.png,538
procede.png,procede
exorto.png,exorto
"otros,.png","otros,"
409.png,409
833.png,833
bueno.png,bueno
187.png,187
hijo.png,hijo
rectisimos.png,rectisimos
tal.png,tal
incluye).png,incluye)
licencio-.png,licencio-
"musica,.png","musica,"
teniendo.png,teniendo
"hazer,.png","hazer,"
nobleza.png,nobleza
Buendia.png,Buendia
censuras.png,censuras
contentandose.png,contentandose
"añade,.png","añade,"
258.png,258
749.png,749
bolver-.png,bolver-
324.png,324
fue-.png,fue-
640.png,640
ge.png,ge
"heredada,.png","heredada,"
632.png,632
sea.png,sea
indecente.png,indecente
"oraciones,.png","oraciones,"
"Constantino,.png","Constantino,"
448.png,448
55.png,55
pero.png,pero
Bien.png,Bien
"pidírsela,.png","pidírsela,"
72.png,72
conserva-.png,conserva-
846.png,846
casa.png,casa
325.png,325
tengan.png,tengan
754.png,754
"ye,.png","ye,"
416.png,416
executaros.png,executaros
España).png,España)
exercitan.png,exercitan
quanta.png,quanta
388.png,388
inestimables.png,inestimables
602.png,602
quepa.png,quepa
330.png,330
campal.png,campal
premio.png,premio
86.png,86
727.png,727
831.png,831
nde.png,nde
inchirla.png,inchirla
toleran.png,toleran
682.png,682
pia.png,pia
404.png,404
ños.png,ños
interiormente.png,interiormente
ceremonias.png,ceremonias
poderoso.png,poderoso
vien-.png,vien-
general.png,general
"sangre,.png","sangre,"
ra.png,ra
"el,.png","el,"
452.png,452
"perfumado,.png","perfumado,"
permitireys.png,permitireys
Missa.png,Missa
662.png,662
357.png,357
"mismo,.png","mismo,"
"beneficios,.png","beneficios,"
354.png,354
monedas.png,monedas
mal.png,mal
virtud.png,virtud
745.png,745
491.png,491
publica).png,publica)
recibir.png,recibir
estima.png,estima
397.png,397
Inquisi-.png,Inquisi-
dera.png,dera
"mejor,.png","mejor,"
se.png,se
360.png,360
115.png,115
(hijos.png,(hijos
399.png,399
San.png,San
216.png,216
servaros.png,servaros
contra.png,contra
239.png,239
aqui.png,aqui
triunfo.png,triunfo
"vassallos,.png","vassallos,"
829.png,829
destos.png,destos
demas.png,demas
Fe.png,Fe
connatural.png,connatural
530.png,530
543.png,543
introduzirse.png,introduzirse
in.png,in
clemencia.png,clemencia
Prelados.png,Prelados
"virtuosa,.png","virtuosa,"
148.png,148
fealdad.png,fealdad
107.png,107
767.png,767
573.png,573
706.png,706
puedo.png,puedo
mayor.png,mayor
825.png,825
llamo.png,llamo
218.png,218
Acudireys.png,Acudireys
pusieron.png,pusieron
666.png,666
sucede.png,sucede
"Fe,.png","Fe,"
476.png,476
paz.png,paz
"familiares,.png","familiares,"
tantos.png,tantos
"Aurelio,.png","Aurelio,"
307.png,307
para.png,para
"na,.png","na,"
oveji-.png,oveji-
707.png,707
bispos).png,bispos)
in-.png,in-
472.png,472
514.png,514
visa.png,visa
668.png,668
signacion.png,signacion
337.png,337
es-.png,es-
hazerlos.png,hazerlos
"inquietos,.png","inquietos,"
meditando.png,meditando
56.png,56
445.png,445
679.png,679
nerales.png,nerales
"misericordia,.png","misericordia,"
"Templanza,.png","Templanza,"
"Retablos,.png","Retablos,"
263.png,263
sus.png,sus
magna-.png,magna-
529.png,529
"cación,.png","cación,"
ha-.png,ha-
536.png,536
podrian.png,podrian
excelencia.png,excelencia
100.png,100
479.png,479
"cidentes,.png","cidentes,"
"della,.png","della,"
ca-.png,ca-
170.png,170
Ciceron.png,Ciceron
indignamente.png,indignamente
13.png,13
591.png,591
"nota,.png","nota,"
546.png,546
516.png,516
584.png,584
peso.png,peso
195.png,195
indecencia.png,indecencia
cuenta.png,cuenta
799.png,799
nuevas.png,nuevas
"derillo,.png","derillo,"
806.png,806
732.png,732
174.png,174
"Religion,.png","Religion,"
descuydeys.png,descuydeys
"abatio,.png","abatio,"
Re-.png,Re-
vida.png,vida
203.png,203
conti-.png,conti-
origen.png,origen
474.png,474
229.png,229
648.png,648
161.png,161
vivir.png,vivir
601.png,601
786.png,786
con.png,con
lum-.png,lum-
cualquier.png,cualquier
gestad.png,gestad
179.png,179
459.png,459
bistes.png,bistes
651.png,651
674.png,674
421.png,421
dessear.png,dessear
esperanza.png,esperanza
cuen.png,cuen
esclavitud.png,esclavitud
toque..png,toque.
estando.png,estando
sa.png,sa
317.png,317
Virtud.png,Virtud
tando.png,tando
"processiones,.png","processiones,"
for-.png,for-
gloriosos.png,gloriosos
criado.png,criado
penosos.png,penosos
limosneros:.png,limosneros:
"Rey,.png","Rey,"
sernos.png,sernos
otros.png,otros
engrandezido.png,engrandezido
recibie.png,recibie
muestra.png,muestra
65.png,65
aun.png,aun
"hombre,.png","hombre,"
282.png,282
17.png,17
ac-.png,ac-
502.png,502
pellanes.png,pellanes
adelante.png,adelante
hareys.png,hareys
619.png,619
las.png,las
69.png,69
cada.png,cada
341.png,341
738.png,738
270.png,270
arduas.png,arduas
585.png,585
les.png,les
imperial.png,imperial
sien-.png,sien-
siones.png,siones
Doña.png,Doña
sugetas.png,sugetas
Santos.png,Santos
199.png,199
aquel.png,aquel
740.png,740
tro.png,tro
Arneses.png,Arneses
405.png,405
ta.png,ta
604.png,604
206.png,206
esto.png,esto
mudaros.png,mudaros
digno.png,digno
146.png,146
verdad<.png,verdad<
747.png,747
niebla.png,niebla
sabios.png,sabios
"hijo,.png","hijo,"
554.png,554
nua.png,nua
suficiente.png,suficiente
39.png,39
816.png,816
"criados,.png","criados,"
104.png,104
asentado.png,asentado
844.png,844
juyzios.png,juyzios
"bendicion,.png","bendicion,"
62.png,62
"Austria,.png","Austria,"
tras.png,tras
exempciones.png,exempciones
222.png,222
tanto.png,tanto
734.png,734
otra.png,otra
juzgar.png,juzgar
rodillas.png,rodillas
"Templos,.png","Templos,"
natural.png,natural
atentos.png,atentos
489.png,489
336.png,336
Maria.png,Maria
sencillez.png,sencillez
Assistid.png,Assistid
corazon.png,corazon
211.png,211
827.png,827
205.png,205
sobre.png,sobre
milias.png,milias
ver.png,ver
544.png,544
Maestra.png,Maestra
tia.png,tia
801.png,801
103.png,103
particular.png,particular
260.png,260
279.png,279
desto.png,desto
807.png,807
460.png,460
Cicero.png,Cicero
Altar.png,Altar
me.png,me
757.png,757
608.png,608
464.png,464
veniencia.png,veniencia
374.png,374
vio.png,vio
778.png,778
"xandro,.png","xandro,"
"zoso,.png","zoso,"
384.png,384
con-.png,con-
injustamente.png,injustamente
tereses.png,tereses
particulares.png,particulares
"redempcion,.png","redempcion,"
570.png,570
412.png,412
versos:.png,versos:
verda-.png,verda-
desestimar.png,desestimar
361.png,361
812.png,812
"nada,.png","nada,"
Continencia.png,Continencia
"Cesar,.png","Cesar,"
hasta.png,hasta
"hijos,.png","hijos,"
oficio.png,oficio
"cortesia,.png","cortesia,"
719.png,719
776.png,776
"Cardinales,.png","Cardinales,"
364.png,364
"edificarlas,.png","edificarlas,"
759.png,759
tiene..png,tiene.
incurrir.png,incurrir
235.png,235
son.png,son
"fin,.png","fin,"
42.png,42
117.png,117
respec-.png,respec-
siendo.png,siendo
159.png,159
respondio:.png,respondio:
375.png,375
453.png,453
Por.png,Por
29.png,29
pa-.png,pa-
36.png,36
382.png,382
362.png,362
comun:.png,comun:
el..png,el.
necessitamos.png,necessitamos
destas.png,destas
783.png,783
8.png,8
tocar.png,tocar
Reynos.png,Reynos
"pie,.png","pie,"
813.png,813
"estudiosidad,.png","estudiosidad,"
716.png,716
311.png,311
valernos.png,valernos
835.png,835
ofrecer.png,ofrecer
163.png,163
libreys.png,libreys
ay.png,ay
659.png,659
537.png,537
"Estados,.png","Estados,"
tiene.png,tiene
819.png,819
ampara.png,ampara
499.png,499
justos.png,justos
sed.png,sed
Religion.png,Religion
"res,.png","res,"
"toca,.png","toca,"
449.png,449
Reyes;.png,Reyes;
prudencia.png,prudencia
"enternezer,.png","enternezer,"
"justificacion,.png","justificacion,"
dio.png,dio
piedad..png,piedad.
"sufrir,.png","sufrir,"
"Gentilica,.png","Gentilica,"
"Theologales,.png","Theologales,"
836.png,836
enseñaros.png,enseñaros
ha.png,ha
estas.png,estas
mirad.png,mirad
condederá.png,condederá
61.png,61
699.png,699
"alma,.png","alma,"
344.png,344
"fagacidad,.png","fagacidad,"
Cada.png,Cada
conocieron.png,conocieron
cierto.png,cierto
lexos.png,lexos
Religiosas.png,Religiosas
441.png,441
"una,.png","una,"
(aunque.png,(aunque
Aristoteles).png,Aristoteles)
estar.png,estar
83.png,83
227.png,227
709.png,709
562.png,562
salva..png,salva.
abatirse.png,abatirse
246.png,246
mios).png,mios)
Respetad.png,Respetad
incansable.png,incansable
610.png,610
pronuncian.png,pronuncian
"Santo,.png","Santo,"
No.png,No
sean.png,sean
426.png,426
entrañable.png,entrañable
genero.png,genero
celentes.png,celentes
alumbradle.png,alumbradle
"gloria,.png","gloria,"
804.png,804
mucha.png,mucha
propio.png,propio
tocantes.png,tocantes
11.png,11
quiso.png,quiso
desinte-.png,desinte-
lugar.png,lugar
za.png,za
481.png,481
109.png,109
"recibio,.png","recibio,"
entregandose.png,entregandose
599.png,599
788.png,788
acostumbra.png,acostumbra
perador.png,perador
maquinas.png,maquinas
684.png,684
traerle.png,traerle
"ellas,.png","ellas,"
"del,.png","del,"
alentado.png,alentado
cionales.png,cionales
van.png,van
220.png,220
Principes.png,Principes
cau-.png,cau-
241.png,241
trayan.png,trayan
nombre..png,nombre.
Santissimo.png,Santissimo
perfectas:.png,perfectas:
504.png,504
512.png,512
armas.png,armas
d.png,d
desta.png,desta
exceder.png,exceder
reci-.png,reci-
791.png,791
conforma.png,conforma
143.png,143
"veo,.png","veo,"
quiera.png,quiera
Tito.png,Tito
"uno,.png","uno,"
"asistencia,.png","asistencia,"
cante.png,cante
60.png,60
virtuoso.png,virtuoso
"señor,.png","señor,"
o.png,o
435.png,435
507.png,507
nues-.png,nues-
808.png,808
"cia,.png","cia,"
memoria.png,memoria
ran.png,ran
271.png,271
288.png,288
"creacion,.png","creacion,"
57.png,57
"vicios,.png","vicios,"
verdadera.png,verdadera
buscando.png,buscando
521.png,521
244.png,244
744.png,744
"mesa,.png","mesa,"
621.png,621
"dellas,.png","dellas,"
muy.png,muy
samente.png,samente
cimiento.png,cimiento
taleza.png,taleza
"Virtud,.png","Virtud,"
106.png,106
96.png,96
quedar.png,quedar
hago.png,hago
"interior,.png","interior,"
Piedad.png,Piedad
697.png,697
Carlo.png,Carlo
tecessores.png,tecessores
"encargo,.png","encargo,"
aveys.png,aveys
(por.png,(por
importantes.png,importantes
794.png,794
531.png,531
685.png,685
o-.png,o-
vad.png,vad
167.png,167
215.png,215
"Reyes,.png","Reyes,"
"ninguno,.png","ninguno,"
nuestros.png,nuestros
motivos.png,motivos
procuro.png,procuro
"tiempo,.png","tiempo,"
209.png,209
191.png,191
383.png,383
consideracion.png,consideracion
565.png,565
437.png,437
694.png,694
funda.png,funda
Estado.png,Estado
700.png,700
por-.png,por-
desprecio.png,desprecio
152.png,152
450.png,450
devocion.png,devocion
encaminar.png,encaminar
366.png,366
(a.png,(a
488.png,488
"Missa,.png","Missa,"
423.png,423
"rentas,.png","rentas,"
782.png,782
281.png,281
cia.png,cia
492.png,492
O-.png,O-
años.png,años
enga-.png,enga-
"generoso,.png","generoso,"
722.png,722
"ceron,.png","ceron,"
691.png,691
"trabajos,.png","trabajos,"
787.png,787
711.png,711
"aventurada,.png","aventurada,"
Marco.png,Marco
256.png,256
"Magno,.png","Magno,"
desgracias..png,desgracias.
prin.png,prin
540.png,540
473.png,473
133.png,133
bien..png,bien.
an-.png,an-
em-.png,em-
siepre.png,siepre
qual.png,qual
761.png,761
"valde,.png","valde,"
820.png,820
"servir,.png","servir,"
503.png,503
255.png,255
478.png,478
"cipio,.png","cipio,"
301.png,301
(en.png,(en
750.png,750
430.png,430
passar.png,passar
Bruno.png,Bruno
cobreys.png,cobreys
667.png,667
392.png,392
141.png,141
amor.png,amor
agravio.png,agravio
"miliaridad,.png","miliaridad,"
250.png,250
Religioso<.png,Religioso<
jus-.png,jus-
"Artus,.png","Artus,"
imi-.png,imi-
here-.png,here-
559.png,559
